Title,Director,Actual Rating,Predicted Rating
Jackie Brown,Quentin Tarantino,7.5,6.65815418442096
The Flintstones in Viva Rock Vegas,Brian Levant,3.7,6.755864389132051
The Hunger Games: Mockingjay - Part 2,Francis Lawrence,6.5,6.734310667504604
The End of the Affair,Neil Jordan,7.0,6.672523332172591
Planet of the Apes,Franklin J. Schaffner,8.0,6.733232981423232
The Strangers: Prey at Night,Johannes Roberts,5.2,6.708446201551668
Youth Without Youth,Francis Ford Coppola,6.1,6.734669896198395
Hot Pursuit,Anne Fletcher,5.1,6.766641249945774
Men in Black: International,F. Gary Gray,5.6,6.735029124892186
The Legend of Hercules,Renny Harlin,4.3,6.656358040952006
Get Shorty,Barry Sonnenfeld,6.9,6.763408191701657
Dark Shadows,Tim Burton,6.2,6.628697431530116
Pineapple Express,David Gordon Green,6.9,6.745087528318328
Sen to Chihiro no kamikakushi,Hayao Miyazaki,8.6,6.7228153493033
Pacific Rim,Guillermo del Toro,6.9,6.726048407547417
Taxi,Tim Story,4.5,6.627978974142535
Stalag 17,Billy Wilder,8.0,6.76017513345754
A Cure for Wellness,Gore Verbinski,6.4,6.72748532232258
J. Edgar,Clint Eastwood,6.5,6.751194416112771
I'm Gonna Git You Sucka,Keenen Ivory Wayans,6.6,6.692640139024874
Escape from Alcatraz,Don Siegel,7.6,6.738621411830094
Shutter Island,Martin Scorsese,8.2,6.682581735598733
The Treasure of the Sierra Madre,John Huston,8.2,6.7041354572261795
Prince of Persia: The Sands of Time,Mike Newell,6.6,6.674678704335336
Top Gun,Tony Scott,6.9,6.624745915898418
Dawn of the Dead,Zack Snyder,7.3,6.617202113328812
Sleeping with the Enemy,Joseph Ruben,6.3,6.6955139685752005
Zerkalo,Andrei Tarkovsky,8.0,6.7695150794961005
Kill Bill: Vol. 2,Quentin Tarantino,8.0,6.65815418442096
Wet Hot American Summer,David Wain,6.5,6.7411360126866295
The Train,John Frankenheimer,7.8,6.705931600695133
Star Wars,George Lucas,8.6,6.728922237097743
Sideways,Alexander Payne,7.5,6.771311222965054
Away We Go,Sam Mendes,7.0,6.643425807975539
Brooklyn's Finest,Antoine Fuqua,6.7,6.765922792558193
The Babysitter: Killer Queen,McG,5.8,6.68114482082357
Stir of Echoes,David Koepp,6.9,6.744728299624537
White House Down,Roland Emmerich,6.3,6.6459404088320735
For Colored Girls,Tyler Perry,6.2,6.624027458510836
Death Wish 3,Michael Winner,5.8,6.67683407649808
The Life and Times of Judge Roy Bean,John Huston,6.8,6.7041354572261795
Switch,Blake Edwards,5.8,6.75981590476375
Hackers,Iain Softley,6.2,6.720659977140555
Phantom Thread,Paul Thomas Anderson,7.4,6.665697986990566
Oscar,John Landis,6.5,6.7034169998385975
Perfect Sense,David Mackenzie,7.0,6.742932156155583
The Goonies,Richard Donner,7.7,6.6545618974830525
Call Me by Your Name,Luca Guadagnino,7.8,6.686533251230431
Christine,John Carpenter,6.8,6.707368515470296
Innerspace,Joe Dante,6.8,6.710242345020623
Trolls,Mike Mitchell,6.4,6.6750379330291265
Pale Rider,Clint Eastwood,7.3,6.751194416112771
The Descendants,Alexander Payne,7.3,6.771311222965054
Blood Diamond,Edward Zwick,8.0,6.73682526836114
Once Upon a Time in... Hollywood,Quentin Tarantino,7.6,6.65815418442096
Ronin,John Frankenheimer,7.2,6.705931600695133
Le procès,Orson Welles,7.6,6.667853359153311
To Die For,Gus Van Sant,6.8,6.725689178853626
Star Trek: The Motion Picture,Robert Wise,6.4,6.647736552301027
About Last Night...,Edward Zwick,6.3,6.73682526836114
Batman Returns,Tim Burton,7.1,6.628697431530116
Scary Movie 4,David Zucker,5.1,6.7404175552990475
4: Rise of the Silver Surfer,Tim Story,5.6,6.627978974142535
Paradise City,Chuck Russell,3.7,6.751553644806561
Green Zone,Paul Greengrass,6.8,6.6664164443781475
The Terminal,Steven Spielberg,7.4,6.633367404549396
The Horse Soldiers,John Ford,7.1,6.706290829388924
The Nutcracker and the Four Realms,Lasse Hallström,5.6,6.689047852086967
Dog Day Afternoon,Sidney Lumet,8.0,6.63947429234384
Liar Liar,Tom Shadyac,6.9,6.62582360197979
Lolita,Stanley Kubrick,7.5,6.636600462793513
American Gigolo,Paul Schrader,6.3,6.666057215684357
Stillwater,Tom McCarthy,6.6,6.6261828306735815
Ah-ga-ssi,Park Chan-wook,8.1,6.6671349017657295
The French Connection,William Friedkin,7.7,6.619716714185347
Postal,Uwe Boll,4.5,6.623309001123255
Snatch,Guy Ritchie,8.2,6.724970721466044
The 40 Year Old Virgin,Judd Apatow,7.1,6.694436282493828
Batman,Tim Burton,7.5,6.628697431530116
Happy Death Day 2 U,Christopher Landon,6.2,6.752631330887934
Dressed to Kill,Brian De Palma,7.1,6.756582846519633
Cocktail,Roger Donaldson,5.9,6.647018094913446
American Made,Doug Liman,7.1,6.737902954442512
Mission to Mars,Brian De Palma,5.7,6.756582846519633
Predator,John McTiernan,7.8,6.701980085063434
The Bridges of Madison County,Clint Eastwood,7.6,6.751194416112771
Resident Evil: Extinction,Russell Mulcahy,6.2,6.643785036669329
The Guest,Adam Wingard,6.7,6.774903509902962
Footloose,Craig Brewer,5.8,6.75047595872519
Pitch Perfect 3,Trish Sie,5.8,6.624386687204627
Lars and the Real Girl,Craig Gillespie,7.3,6.750116730031398
Kumonosu-jô,Akira Kurosawa,8.0,6.774185052515381
The Pink Panther 2,Harald Zwart,5.6,6.7238930353846715
Miracle on 34th Street,Les Mayfield,6.6,6.687970166005594
Much Ado About Nothing,Kenneth Branagh,7.3,6.691921681637293
A History of Violence,David Cronenberg,7.4,6.746524443093491
What to Expect When You're Expecting,Kirk Jones,5.7,6.69048476686213
Love & Other Drugs,Edward Zwick,6.7,6.73682526836114
Brewster's Millions,Walter Hill,6.5,6.622231315041883
Weird Science,John Hughes,6.6,6.70449468591997
Gaslight,George Cukor,7.8,6.729281465791534
End of Watch,David Ayer,7.6,6.747242900481072
Raising Helen,Garry Marshall,6.0,6.731796066648069
The Card Counter,Paul Schrader,6.2,6.666057215684357
F9,Justin Lin,5.2,6.693717825106247
Superman IV: The Quest for Peace,Sidney J. Furie,3.7,6.63983352103763
The 6th Day,Roger Spottiswoode,5.9,6.646299637525864
Shark Night 3D,David R. Ellis,4.1,6.742213698768001
The Equalizer 2,Antoine Fuqua,6.7,6.765922792558193
The Shootist,Don Siegel,7.6,6.738621411830094
Beast,Baltasar Kormákur,5.6,6.76448587778303
Runaway Jury,Gary Fleder,7.1,6.731436837954278
Exit to Eden,Garry Marshall,4.2,6.731796066648069
Zwartboek,Paul Verhoeven,7.7,6.665338758296776
Great Expectations,Alfonso Cuarón,6.8,6.770592765577473
The Princess Bride,Rob Reiner,8.0,6.651688067932726
Alien³,David Fincher,6.4,6.74580598570591
Philadelphia,Jonathan Demme,7.7,6.697669340737946
Sophie's Choice,Alan J. Pakula,7.5,6.77382582382159
Splash,Ron Howard,6.3,6.644862722750702
Clueless,Amy Heckerling,6.9,6.769874308189891
Nine 1/2 Weeks,Adrian Lyne,5.9,6.774544281209171
The Ninth Gate,Roman Polanski,6.7,6.645581180138283
Mission: Impossible - Fallout,Christopher McQuarrie,7.7,6.752272102194143
Marooned,John Sturges,5.9,6.69982471290069
3:10 to Yuma,James Mangold,7.6,6.715990004121275
Lethal Weapon 4,Richard Donner,6.6,6.6545618974830525
I racconti di Canterbury,Pier Paolo Pasolini,6.4,6.658872641808542
Walk of Shame,Steven Brill,6.0,6.634445090630769
Melancholia,Lars von Trier,7.1,6.689407080780757
The Sea of Trees,Gus Van Sant,6.1,6.725689178853626
The Texas Chainsaw Massacre: The Beginning,Jonathan Liebesman,5.8,6.696591654656573
Stay Alive,William Brent Bell,5.0,6.620075942879138
Zathura: A Space Adventure,Jon Favreau,6.3,6.698747026819317
The Company You Keep,Robert Redford,6.4,6.64917346707619
The Lord of the Rings: The Return of the King,Peter Jackson,9.0,6.661387242665077
All I See Is You,Marc Forster,5.4,6.685096336455268
Gwoemul,Bong Joon Ho,7.1,6.758019761294795
The Highwaymen,John Lee Hancock,6.9,6.702698542451016
Ad Astra,James Gray,6.5,6.717067690202647
The Man Who Knew Too Much,Alfred Hitchcock,7.4,6.770233536883682
3 Days to Kill,McG,6.2,6.68114482082357
Legend of the Guardians: The Owls of Ga'Hoole,Zack Snyder,6.9,6.617202113328812
Serpico,Sidney Lumet,7.7,6.63947429234384
Fast & Furious,Justin Lin,6.5,6.693717825106247
Assault on Precinct 13,John Carpenter,7.3,6.707368515470296
Kill Bill: Vol. 1,Quentin Tarantino,8.2,6.65815418442096
The Vikings,Richard Fleischer,7.0,6.654202668789262
Kinsey,Bill Condon,7.1,6.7608935908451215
Lara Croft: Tomb Raider - The Cradle of Life,Jan de Bont,5.5,6.715271546733693
Slumberland,Francis Lawrence,6.7,6.734310667504604
I Am Number Four,D.J. Caruso,6.1,6.749398272643817
To the Wonder,Terrence Malick,5.8,6.6301343463052795
Avatar,James Cameron,7.9,6.717786147590229
Stolen,Simon West,5.5,6.6387558349562585
Pearl Harbor,Michael Bay,6.2,6.679707906048407
Festen,Thomas Vinterberg,8.0,6.629415888917698
Mission: Impossible - Ghost Protocol,Brad Bird,7.4,6.757301303907214
Kagemusha,Akira Kurosawa,7.9,6.774185052515381
Friday,F. Gary Gray,7.2,6.735029124892186
One from the Heart,Francis Ford Coppola,6.5,6.734669896198395
Soul Surfer,Sean McNamara,7.0,6.640911207119003
Violent Night,Tommy Wirkola,6.7,6.625105144592209
Female Trouble,John Waters,7.1,6.6994654842068995
Confessions of a Dangerous Mind,George Clooney,7.0,6.729640694485324
Max Payne,John Moore,5.3,6.701620856369644
Elizabethtown,Cameron Crowe,6.3,6.754427474356888
WarGames,John Badham,7.1,6.708086972857878
Remember the Titans,Boaz Yakin,7.8,6.759456676069958
Bruce Almighty,Tom Shadyac,6.8,6.62582360197979
Snakes on a Plane,David R. Ellis,5.5,6.742213698768001
Duplex,Danny DeVito,5.9,6.748679815256235
The Naked Gun 2½: The Smell of Fear,David Zucker,6.9,6.7404175552990475
Man cheng jin dai huang jin jia,Yimou Zhang,7.0,6.617920570716393
The Last House on the Left,Wes Craven,5.9,6.620794400266719
Patton,Franklin J. Schaffner,7.9,6.733232981423232
To Kill a Mockingbird,Robert Mulligan,8.3,6.649532695769982
The Arrival,David Twohy,6.2,6.74149524138042
Big Trouble,Barry Sonnenfeld,6.4,6.763408191701657
House of the Dead,Uwe Boll,2.1,6.623309001123255
Escape from New York,John Carpenter,7.1,6.707368515470296
Men in Black,Barry Sonnenfeld,7.3,6.763408191701657
Ocean's Eleven,Steven Soderbergh,7.7,6.633726633243187
One Hundred and One Dalmatians,Clyde Geronimi,7.3,6.75083518741898
Freaky,Christopher Landon,6.3,6.752631330887934
The King of Staten Island,Judd Apatow,7.1,6.694436282493828
Sleuth,Joseph L. Mankiewicz,8.0,6.695873197268991
Only Lovers Left Alive,Jim Jarmusch,7.2,6.710960802408204
Moving On,Paul Weitz,6.0,6.664620300909194
Florence Foster Jenkins,Stephen Frears,6.8,6.636241234099723
Footloose,Herbert Ross,6.6,6.721737663221927
The Shadow,Russell Mulcahy,6.0,6.643785036669329
Nixon,Oliver Stone,7.1,6.668212587847102
The Great Wall,Yimou Zhang,5.9,6.617920570716393
Oblivion,Joseph Kosinski,7.0,6.696232425962783
The Fly,David Cronenberg,7.6,6.746524443093491
The Holiday,Nancy Meyers,6.9,6.673241789560173
Alone in the Dark,Uwe Boll,2.4,6.623309001123255
Monster's Ball,Marc Forster,7.1,6.685096336455268
Dante's Peak,Roger Donaldson,6.0,6.647018094913446
Alvin and the Chipmunks,Tim Hill,5.2,6.628338202836326
Jack Reacher,Christopher McQuarrie,7.0,6.752272102194143
The Bounty Hunter,Andy Tennant,5.5,6.767359707333355
Fantastic Mr. Fox,Wes Anderson,7.9,6.62115362896051
The Dark Knight Rises,Christopher Nolan,8.4,6.751912873500352
Catch Me If You Can,Steven Spielberg,8.1,6.633367404549396
The Debt,John Madden,6.8,6.702339313757226
Fifty Shades Freed,James Foley,4.5,6.717426918896438
Mission: Impossible,Brian De Palma,7.2,6.756582846519633
Hansel & Gretel: Witch Hunters,Tommy Wirkola,6.1,6.625105144592209
Victory,John Huston,6.6,6.7041354572261795
Sleepy Hollow,Tim Burton,7.3,6.628697431530116
Road House,Doug Liman,6.2,6.737902954442512
Kimi,Steven Soderbergh,6.3,6.633726633243187
God Is a Bullet,Nick Cassavetes,5.7,6.671086417397428
Atonement,Joe Wright,7.8,6.709523887633041
Speed,Jan de Bont,7.3,6.715271546733693
Clash of the Titans,Louis Leterrier,5.8,6.687610937311804
The People Under the Stairs,Wes Craven,6.4,6.620794400266719
Borat: Cultural Learnings of America for Make Benefit Glorious Nation of Kazakhstan,Larry Charles,7.4,6.689766309474548
Body Snatchers,Abel Ferrara,6.0,6.775981195984334
28 Days,Betty Thomas,6.1,6.761252819538913
Blind Fury,Phillip Noyce,6.3,6.659231870502333
"Bardo, falsa crónica de unas cuantas verdades",Alejandro G. Iñárritu,6.7,6.772029680352635
How Green Was My Valley,John Ford,7.7,6.706290829388924
We Can Be Heroes,Robert Rodriguez,4.7,6.6488142383824
Reality Bites,Ben Stiller,6.6,6.762330505620285
Presumed Innocent,Alan J. Pakula,6.9,6.77382582382159
Water for Elephants,Francis Lawrence,6.9,6.734310667504604
Waterworld,Kevin Reynolds,6.3,6.691203224249711
Pain Hustlers,David Yates,6.5,6.740776783992838
16 Blocks,Richard Donner,6.6,6.6545618974830525
The Thing,John Carpenter,8.2,6.707368515470296
The Stepfather,Joseph Ruben,6.7,6.6955139685752005
Ripley Under Ground,Roger Spottiswoode,5.9,6.646299637525864
The Green Knight,David Lowery,6.6,6.743650613543164
Harry Potter and the Order of the Phoenix,David Yates,7.5,6.740776783992838
Friday the 13th Part III,Steve Miner,5.6,6.63480431932456
Mirror Mirror,Tarsem Singh,5.6,6.631212032386652
What Women Want,Nancy Meyers,6.4,6.673241789560173
Terminator Salvation,McG,6.5,6.68114482082357
Far and Away,Ron Howard,6.6,6.644862722750702
The Tragedy of Macbeth,Roman Polanski,7.4,6.645581180138283
The Godfather Part III,Francis Ford Coppola,7.6,6.734669896198395
Secret Window,David Koepp,6.5,6.744728299624537
Ghosts of Girlfriends Past,Mark Waters,5.8,6.6836594216801055
Pete's Dragon,David Lowery,6.7,6.743650613543164
Cahill U.S. Marshal,Andrew V. McLaglen,6.4,6.768437393414728
Yin shi nan nu,Ang Lee,7.8,6.767000478639565
Safe,Boaz Yakin,6.5,6.759456676069958
Twister,Jan de Bont,6.5,6.715271546733693
Punch-Drunk Love,Paul Thomas Anderson,7.3,6.665697986990566
Unfaithful,Adrian Lyne,6.7,6.774544281209171
La sociedad de la nieve,J.A. Bayona,7.8,6.7192230623653915
Fast X,Louis Leterrier,5.8,6.687610937311804
The Pink Panther,Blake Edwards,7.0,6.75981590476375
Death on the Nile,John Guillermin,7.2,6.704853914613761
The Smurfs,Raja Gosnell,5.4,6.657794955727169
The Belko Experiment,Greg McLean,6.2,6.727126093628789
Irréversible,Gaspar Noé,7.3,6.730718380566697
The Irishman,Martin Scorsese,7.8,6.682581735598733
Mortal Kombat,Paul W.S. Anderson,5.8,6.664979529602984
Hatari!,Howard Hawks,7.1,6.721019205834346
Stand by Me,Rob Reiner,8.1,6.651688067932726
Run All Night,Jaume Collet-Serra,6.6,6.71347540326474
The Big Knife,Robert Aldrich,6.8,6.650969610545144
Nebraska,Alexander Payne,7.7,6.771311222965054
(500) Days of Summer,Marc Webb,7.7,6.684737107761477
From Dusk Till Dawn,Robert Rodriguez,7.2,6.6488142383824
The Stepford Wives,Frank Oz,5.3,6.733592210117023
The Bonfire of the Vanities,Brian De Palma,5.6,6.756582846519633
Captain Phillips,Paul Greengrass,7.8,6.6664164443781475
Dicks: The Musical,Larry Charles,5.4,6.689766309474548
Immortals,Tarsem Singh,6.0,6.631212032386652
Braindead,Peter Jackson,7.5,6.661387242665077
Invasion of the Body Snatchers,Philip Kaufman,7.4,6.659591099196123
The BFG,Steven Spielberg,6.3,6.633367404549396
American Graffiti,George Lucas,7.4,6.728922237097743
Wendell & Wild,Henry Selick,6.4,6.722096891915718
Memento,Christopher Nolan,8.4,6.751912873500352
Insurgent,Robert Schwentke,6.2,6.648455009688609
The Children's Hour,William Wyler,7.8,6.619357485491556
The Bedroom Window,Curtis Hanson,6.4,6.749757501337608
"McFarland, USA",Niki Caro,7.4,6.670008731316056
Zabriskie Point,Michelangelo Antonioni,6.9,6.67647484780429
Swamp Thing,Wes Craven,5.3,6.620794400266719
Der Baader Meinhof Komplex,Uli Edel,7.3,6.623668229817046
Ghosts of Mars,John Carpenter,4.9,6.707368515470296
Long Shot,Jonathan Levine,6.8,6.696950883350364
Captain America: Civil War,Anthony Russo,7.8,6.766282021251984
V/H/S,Matt Bettinelli-Olpin,5.8,6.682222506904942
Rising Sun,Philip Kaufman,6.2,6.659591099196123
Johnny English Reborn,Oliver Parker,6.3,6.668571816540893
Jungle Cruise,Jaume Collet-Serra,6.6,6.71347540326474
Dead Presidents,Albert Hughes,6.9,6.773107366434008
A Rainy Day in New York,Woody Allen,6.5,6.618279799410184
Mission: Impossible II,John Woo,6.1,6.699106255513108
Star Wars: Episode III - Revenge of the Sith,George Lucas,7.6,6.728922237097743
Triple Threat,Jesse V. Johnson,5.6,6.711679259795786
The Hobbit: An Unexpected Journey,Peter Jackson,7.8,6.661387242665077
Notorious,George Tillman Jr.,6.7,6.7278445510163705
Death Wish,Eli Roth,6.3,6.7364660396673495
Club Dread,Jay Chandrasekhar,5.7,6.713116174570949
Shadow of a Doubt,Alfred Hitchcock,7.8,6.770233536883682
Brokedown Palace,Jonathan Kaplan,6.4,6.697310112044154
After the Sunset,Brett Ratner,6.2,6.7569420752134235
Dip huet seung hung,John Woo,7.7,6.699106255513108
Hitch,Andy Tennant,6.6,6.767359707333355
A Ghost Story,David Lowery,6.8,6.743650613543164
The Game,David Fincher,7.7,6.74580598570591
Now You See Me 2,Jon M. Chu,6.4,6.698387798125527
Christiane F. - Wir Kinder vom Bahnhof Zoo,Uli Edel,7.5,6.623668229817046
Now You See Me,Louis Leterrier,7.2,6.687610937311804
I onde dager,Tommy Wirkola,6.9,6.625105144592209
The Polar Express,Robert Zemeckis,6.6,6.647377323607237
The Mummy: Tomb of the Dragon Emperor,Rob Cohen,5.2,6.652765754014099
Slither,James Gunn,6.5,6.716708461508857
Rob Roy,Michael Caton-Jones,6.9,6.679348677354616
North by Northwest,Alfred Hitchcock,8.3,6.770233536883682
Everybody's Fine,Kirk Jones,7.1,6.69048476686213
Last Exit to Brooklyn,Uli Edel,6.8,6.623668229817046
Velvet Goldmine,Todd Haynes,6.9,6.626901288061163
Who's That Girl,James Foley,4.8,6.717426918896438
The Brood,David Cronenberg,6.8,6.746524443093491
Der amerikanische Freund,Wim Wenders,7.4,6.618998256797766
Black Swan,Darren Aronofsky,8.0,6.747961357868654
Hollow Man,Paul Verhoeven,5.8,6.665338758296776
"Alexander and the Terrible, Horrible, No Good, Very Bad Day",Miguel Arteta,6.2,6.676115619110499
Free Fire,Ben Wheatley,6.3,6.761971276926494
St. Elmo's Fire,Joel Schumacher,6.4,6.70880543024546
Profondo rosso,Dario Argento,7.5,6.7483205865624445
The Wall,Doug Liman,6.2,6.737902954442512
Oldeuboi,Park Chan-wook,8.3,6.6671349017657295
Instant Family,Sean Anders,7.3,6.641270435812793
Thanksgiving,Eli Roth,6.3,6.7364660396673495
Holy Smoke,Jane Campion,5.9,6.714912318039903
Perfume: The Story of a Murderer,Tom Tykwer,7.5,6.6254643732859995
Paul,Greg Mottola,6.9,6.726766864934998
Jack Reacher: Never Go Back,Edward Zwick,6.1,6.73682526836114
Law Abiding Citizen,F. Gary Gray,7.4,6.735029124892186
Jurassic Park,Steven Spielberg,8.2,6.633367404549396
Zoe,Drake Doremus,6.1,6.737543725748721
Shooter,Antoine Fuqua,7.1,6.765922792558193
The King's Man,Matthew Vaughn,6.3,6.68150404951736
Casablanca,Michael Curtiz,8.5,6.6789894486608254
In Time,Andrew Niccol,6.7,6.7687966221085185
T2 Trainspotting,Danny Boyle,7.2,6.7490390439500265
Biutiful,Alejandro G. Iñárritu,7.4,6.772029680352635
Bright Star,Jane Campion,6.9,6.714912318039903
The Thin Red Line,Terrence Malick,7.6,6.6301343463052795
Quarantine,John Erick Dowdle,6.0,6.707009286776506
Dr. Strangelove or: How I Learned to Stop Worrying and Love the Bomb,Stanley Kubrick,8.4,6.636600462793513
Inception,Christopher Nolan,8.8,6.751912873500352
The Dark Knight,Christopher Nolan,9.0,6.751912873500352
The Bank Job,Roger Donaldson,7.2,6.647018094913446
Basic Instinct,Paul Verhoeven,7.1,6.665338758296776
Strange Days,Kathryn Bigelow,7.2,6.692999367718666
The Karate Kid Part III,John G. Avildsen,5.3,6.705572372001343
Forgetting Sarah Marshall,Nicholas Stoller,7.1,6.671445646091219
The Lady Vanishes,Alfred Hitchcock,7.7,6.770233536883682
31,Rob Zombie,5.1,6.651328839238936
Banlieue 13,Pierre Morel,7.1,6.6585134131147505
The Matrix,Lana Wachowski,8.7,6.690125538168339
Enemy,Denis Villeneuve,6.9,6.740058326605257
Suzume no Tojimari,Makoto Shinkai,7.6,6.68581479384285
Black Snake Moan,Craig Brewer,6.9,6.75047595872519
Suburbicon,George Clooney,5.8,6.729640694485324
Disaster Movie,Jason Friedberg,1.9,6.714193860652321
Marlowe,Neil Jordan,5.3,6.672523332172591
All the President's Men,Alan J. Pakula,7.9,6.77382582382159
Frenzy,Alfred Hitchcock,7.4,6.770233536883682
Unbreakable,M. Night Shyamalan,7.3,6.68617402253664
Glory,Edward Zwick,7.8,6.73682526836114
Taken,Pierre Morel,7.7,6.6585134131147505
The War with Grandpa,Tim Hill,5.7,6.628338202836326
Ant-Man and the Wasp,Peyton Reed,7.0,6.659950327889914
Alice in Wonderland,Clyde Geronimi,7.3,6.75083518741898
Jin ling shi san chai,Yimou Zhang,7.5,6.617920570716393
The River Wild,Curtis Hanson,6.5,6.749757501337608
Dans la maison,François Ozon,7.3,6.732873752729441
Before the Devil Knows You're Dead,Sidney Lumet,7.3,6.63947429234384
Annie Hall,Woody Allen,8.0,6.618279799410184
Crash,David Cronenberg,6.4,6.746524443093491
Antz,Eric Darnell,6.5,6.735747582279767
Lone Survivor,Peter Berg,7.5,6.663183386134031
Tengoku to jigoku,Akira Kurosawa,8.4,6.774185052515381
Bronson,Nicolas Winding Refn,7.0,6.670367960009846
Young Frankenstein,Mel Brooks,8.0,6.680785592129779
Carrie,Brian De Palma,7.4,6.756582846519633
Up!,Russ Meyer,5.8,6.64414426536312
The Lobster,Yorgos Lanthimos,7.1,6.6175613420226025
Logan Lucky,Steven Soderbergh,7.0,6.633726633243187
The Hobbit: The Desolation of Smaug,Peter Jackson,7.8,6.661387242665077
The Rookie,John Lee Hancock,6.9,6.702698542451016
Blair Witch,Adam Wingard,5.0,6.774903509902962
The Haunting,Jan de Bont,5.0,6.715271546733693
The Last Boy Scout,Tony Scott,7.0,6.624745915898418
The Rainmaker,Francis Ford Coppola,7.2,6.734669896198395
Deep Water,Adrian Lyne,5.5,6.774544281209171
The Breakfast Club,John Hughes,7.8,6.70449468591997
Transsiberian,Brad Anderson,6.6,6.757660532601005
The Favourite,Yorgos Lanthimos,7.5,6.6175613420226025
Finding Neverland,Marc Forster,7.7,6.685096336455268
Perfect Stranger,James Foley,5.7,6.717426918896438
The Last Picture Show,Peter Bogdanovich,8.0,6.66282415744024
Devil's Knot,Atom Egoyan,6.1,6.7648451064768205
Amazon Women on the Moon,Joe Dante,6.2,6.710242345020623
The Mask,Chuck Russell,6.9,6.751553644806561
Stay,Marc Forster,6.7,6.685096336455268
Beneath the Valley of the Ultra-Vixens,Russ Meyer,5.4,6.64414426536312
Adrift,Baltasar Kormákur,6.6,6.76448587778303
What Ever Happened to Baby Jane?,Robert Aldrich,8.0,6.650969610545144
12 Angry Men,Sidney Lumet,9.0,6.63947429234384
Mary Poppins,Robert Stevenson,7.8,6.648095780994819
National Treasure: Book of Secrets,Jon Turteltaub,6.5,6.698028569431736
Fantastic Four,Tim Story,5.7,6.627978974142535
The Tree of Life,Terrence Malick,6.8,6.6301343463052795
Avengers: Infinity War,Anthony Russo,8.4,6.766282021251984
Magnolia,Paul Thomas Anderson,8.0,6.665697986990566
Tropic Thunder,Ben Stiller,7.1,6.762330505620285
Hubie Halloween,Steven Brill,5.2,6.634445090630769
The Ghost and the Darkness,Stephen Hopkins,6.8,6.635522776712142
Desperado,Robert Rodriguez,7.1,6.6488142383824
Damage,Louis Malle,6.7,6.687251708618013
Fire and Ice,Ralph Bakshi,6.5,6.657435727033379
Kick-Ass 2,Jeff Wadlow,6.5,6.7120384884895765
Murder on the Orient Express,Kenneth Branagh,6.5,6.691921681637293
Blackhat,Michael Mann,5.5,6.677911762579453
Pan,Joe Wright,5.7,6.709523887633041
Johnny Dangerously,Amy Heckerling,6.5,6.769874308189891
A Nightmare on Elm Street 4: The Dream Master,Renny Harlin,5.6,6.656358040952006
Arrival,Denis Villeneuve,7.9,6.740058326605257
Alvin and the Chipmunks: Chipwrecked,Mike Mitchell,4.4,6.6750379330291265
Real Steel,Shawn Levy,7.1,6.640192749731421
Flipped,Rob Reiner,7.7,6.651688067932726
The Tragedy of Macbeth,Joel Coen,7.1,6.70916465893925
In Harm's Way,Otto Preminger,7.3,6.66749413045952
The Americanization of Emily,Arthur Hiller,7.3,6.765563563864402
Assassin's Creed,Justin Kurzel,5.6,6.694077053800037
DragonHeart,Rob Cohen,6.4,6.652765754014099
While We're Young,Noah Baumbach,6.3,6.669649502622265
Premium Rush,David Koepp,6.5,6.744728299624537
McLintock!,Andrew V. McLaglen,7.1,6.768437393414728
Ferdinand,Carlos Saldanha,6.7,6.753709016969307
Planet of the Apes,Tim Burton,5.7,6.628697431530116
Blue Streak,Les Mayfield,6.3,6.687970166005594
Asteroid City,Wes Anderson,6.5,6.62115362896051
Do lok tin si,Kar-Wai Wong,7.6,6.693358596412456
The Comfort of Strangers,Paul Schrader,6.3,6.666057215684357
Gerald's Game,Mike Flanagan,6.5,6.675397161722917
Frankie and Johnny,Garry Marshall,6.7,6.731796066648069
Lucy,Luc Besson,6.4,6.686892479924222
The Thomas Crown Affair,John McTiernan,6.8,6.701980085063434
The Getaway,Sam Peckinpah,7.3,6.643066579281747
Chain Reaction,Andrew Davis,5.6,6.76915585080231
Giù la testa,Sergio Leone,7.6,6.640551978425212
Philomena,Stephen Frears,7.6,6.636241234099723
"20,000 Leagues Under the Sea",Richard Fleischer,7.2,6.654202668789262
The Three Stooges,Bobby Farrelly,5.1,6.758378989988587
The Legend of Zorro,Martin Campbell,5.9,6.6829409642925235
Mulan,Niki Caro,5.8,6.670008731316056
Ice Age: Dawn of the Dinosaurs,Carlos Saldanha,6.9,6.753709016969307
Sitting in Bars with Cake,Trish Sie,6.4,6.624386687204627
Quigley Down Under,Simon Wincer,6.9,6.638396606262467
The Incredibles,Brad Bird,8.0,6.757301303907214
Pat Garrett and Billy the Kid,Sam Peckinpah,7.2,6.643066579281747
How the Grinch Stole Christmas,Ron Howard,6.3,6.644862722750702
Crossroads,Walter Hill,7.1,6.622231315041883
Uncharted,Ruben Fleischer,6.3,6.64450349405691
Boxcar Bertha,Martin Scorsese,6.0,6.682581735598733
The Kentucky Fried Movie,John Landis,6.4,6.7034169998385975
The Mechanic,Simon West,6.5,6.6387558349562585
Army of Darkness,Sam Raimi,7.4,6.642707350587957
Troy,Wolfgang Petersen,7.3,6.618639028103975
Incendies,Denis Villeneuve,8.3,6.740058326605257
The Sweet Hereafter,Atom Egoyan,7.4,6.7648451064768205
Wolf,Mike Nichols,6.3,6.6743194756415445
The Covenant,Guy Ritchie,7.5,6.724970721466044
Curly Sue,John Hughes,5.9,6.70449468591997
Kimi no na wa.,Makoto Shinkai,8.4,6.68581479384285
The Wolf of Wall Street,Martin Scorsese,8.2,6.682581735598733
The Midnight Sky,George Clooney,5.7,6.729640694485324
Close Encounters of the Third Kind,Steven Spielberg,7.6,6.633367404549396
The General's Daughter,Simon West,6.4,6.6387558349562585
The Last Duel,Ridley Scott,7.4,6.653124982707889
The Big Year,David Frankel,6.2,6.745446757012118
The 13th Warrior,John McTiernan,6.6,6.701980085063434
Conan the Destroyer,Richard Fleischer,5.9,6.654202668789262
Death Wish 4: The Crackdown,J. Lee Thompson,5.4,6.719582291059183
Saving Private Ryan,Steven Spielberg,8.6,6.633367404549396
Hellboy,Neil Marshall,5.3,6.6721641034788
Down with Love,Peyton Reed,6.3,6.659950327889914
Guillermo del Toro's Pinocchio,Guillermo del Toro,7.6,6.726048407547417
Bound by Honor,Taylor Hackford,7.9,6.630852803692861
Dolores Claiborne,Taylor Hackford,7.4,6.630852803692861
Safe,Todd Haynes,7.1,6.626901288061163
Dragon: The Bruce Lee Story,Rob Cohen,7.0,6.652765754014099
Atomic Blonde,David Leitch,6.7,6.744009842236955
"I, Robot",Alex Proyas,7.1,6.771670451658845
Pinocchio,Robert Zemeckis,5.1,6.647377323607237
Species,Roger Donaldson,5.9,6.647018094913446
Rocky Balboa,Sylvester Stallone,7.1,6.632289718468024
Haute tension,Alexandre Aja,6.7,6.770951994271264
Grand Canyon,Lawrence Kasdan,6.8,6.688688623393176
Pennies from Heaven,Herbert Ross,6.5,6.721737663221927
In the Blood,John Stockwell,5.7,6.700183941594481
Aquaman and the Lost Kingdom,James Wan,5.6,6.715630775427484
Saving Mr. Banks,John Lee Hancock,7.5,6.702698542451016
Birdman or (The Unexpected Virtue of Ignorance),Alejandro G. Iñárritu,7.7,6.772029680352635
Milk,Gus Van Sant,7.5,6.725689178853626
The Cotton Club,Francis Ford Coppola,6.5,6.734669896198395
Amistad,Steven Spielberg,7.3,6.633367404549396
Thumbelina,Don Bluth,6.2,6.738980640523884
The Three Musketeers,Stephen Herek,6.4,6.635882005405932
The Straight Story,David Lynch,8.0,6.743291384849374
Exorcist II: The Heretic,John Boorman,3.8,6.707727744164087
A Shot in the Dark,Blake Edwards,7.3,6.75981590476375
Juno,Jason Reitman,7.4,6.71383463195853
Death to Smoochy,Danny DeVito,6.3,6.748679815256235
The Innkeepers,Ti West,5.5,6.629056660223907
Jingle All the Way,Brian Levant,5.7,6.755864389132051
Gods of Egypt,Alex Proyas,5.4,6.771670451658845
Midnight Cowboy,John Schlesinger,7.8,6.700902398982063
Ferris Bueller's Day Off,John Hughes,7.8,6.70449468591997
The Hangover,Todd Phillips,7.7,6.626542059367372
Crazy/Beautiful,John Stockwell,6.4,6.700183941594481
The Blind Side,John Lee Hancock,7.6,6.702698542451016
Femme Fatale,Brian De Palma,6.2,6.756582846519633
Beerfest,Jay Chandrasekhar,6.2,6.713116174570949
Legend,Ridley Scott,6.3,6.653124982707889
Elle,Paul Verhoeven,7.1,6.665338758296776
Sunshine,Danny Boyle,7.2,6.7490390439500265
What Men Want,Adam Shankman,5.4,6.775262738596753
Patch Adams,Tom Shadyac,6.8,6.62582360197979
Here Comes the Boom,Frank Coraci,6.4,6.733951438810814
Spartacus,Stanley Kubrick,7.9,6.636600462793513
Death Wish,Michael Winner,6.9,6.67683407649808
The Shining,Stanley Kubrick,8.4,6.636600462793513
The Darjeeling Limited,Wes Anderson,7.2,6.62115362896051
Che?,Roman Polanski,5.5,6.645581180138283
Cannonball Run II,Hal Needham,5.1,6.724252264078463
Mannequin: On the Move,Stewart Raffill,4.4,6.633008175855606
The Chronicles of Riddick,David Twohy,6.6,6.74149524138042
Million Dollar Arm,Craig Gillespie,7.0,6.750116730031398
101 Dalmatians,Stephen Herek,5.7,6.635882005405932
Anchorman: The Legend of Ron Burgundy,Adam McKay,7.1,6.775621967290544
Gone Baby Gone,Ben Affleck,7.6,6.762689734314075
Annie,John Huston,6.6,6.7041354572261795
Cronos,Guillermo del Toro,6.7,6.726048407547417
Dolor y gloria,Pedro Almodóvar,7.5,6.664261072215403
The Manchurian Candidate,Jonathan Demme,6.6,6.697669340737946
Live by Night,Ben Affleck,6.4,6.762689734314075
Top Secret!,Jim Abrahams,7.2,6.7113200311019945
Seven Days in May,John Frankenheimer,7.8,6.705931600695133
The Fall Guy,David Leitch,7.3,6.744009842236955
Dorian Gray,Oliver Parker,6.2,6.668571816540893
Blood Work,Clint Eastwood,6.4,6.751194416112771
Affliction,Paul Schrader,6.9,6.666057215684357
Cliffhanger,Renny Harlin,6.5,6.656358040952006
The Finest Hours,Craig Gillespie,6.7,6.750116730031398
X-Men: Days of Future Past,Bryan Singer,7.9,6.754786703050678
Win Win,Tom McCarthy,7.1,6.6261828306735815
Shampoo,Hal Ashby,6.4,6.724611492772254
The Andromeda Strain,Robert Wise,7.2,6.647736552301027
Windtalkers,John Woo,6.1,6.699106255513108
Dragonfly,Tom Shadyac,6.1,6.62582360197979
Lift,F. Gary Gray,5.5,6.735029124892186
A League of Their Own,Penny Marshall,7.3,6.663542614827822
Dreamscape,Joseph Ruben,6.3,6.6955139685752005
Blame It on Rio,Stanley Donen,5.8,6.637318920181095
Love Field,Jonathan Kaplan,6.5,6.697310112044154
Ride Along,Tim Story,6.1,6.627978974142535
Woman in Gold,Simon Curtis,7.3,6.639115063650049
The Rundown,Peter Berg,6.7,6.663183386134031
Mr. & Mrs. Smith,Doug Liman,6.5,6.737902954442512
The Score,Frank Oz,6.8,6.733592210117023
Doctor Strange in the Multiverse of Madness,Sam Raimi,6.9,6.642707350587957
In the Mouth of Madness,John Carpenter,7.1,6.707368515470296
The Fugitive,Andrew Davis,7.8,6.76915585080231
Misery,Rob Reiner,7.8,6.651688067932726
Wedding Crashers,David Dobkin,7.0,6.7461652143997
Bringing Out the Dead,Martin Scorsese,6.8,6.682581735598733
Below,David Twohy,6.1,6.74149524138042
Last Flag Flying,Richard Linklater,6.9,6.65348421140168
The Day After Tomorrow,Roland Emmerich,6.5,6.6459404088320735
Scream 2,Wes Craven,6.3,6.620794400266719
Say Anything...,Cameron Crowe,7.3,6.754427474356888
Fantastic Voyage,Richard Fleischer,6.8,6.654202668789262
Sleepers,Barry Levinson,7.5,6.763767420395448
The Great Escape,John Sturges,8.2,6.69982471290069
Ride the High Country,Sam Peckinpah,7.4,6.643066579281747
Mrs. Doubtfire,Chris Columbus,7.1,6.752990559581725
Gallipoli,Peter Weir,7.4,6.660668785277496
White Nights,Taylor Hackford,6.6,6.630852803692861
"Sex, Lies, and Videotape",Steven Soderbergh,7.2,6.633726633243187
Zoolander 2,Ben Stiller,4.7,6.762330505620285
City Hall,Harold Becker,6.2,6.723533806690881
Jersey Boys,Clint Eastwood,6.8,6.751194416112771
Dial M for Murder,Alfred Hitchcock,8.2,6.770233536883682
North Country,Niki Caro,7.3,6.670008731316056
The Last Emperor,Bernardo Bertolucci,7.7,6.761612048232704
A Clockwork Orange,Stanley Kubrick,8.3,6.636600462793513
The Lost Weekend,Billy Wilder,7.9,6.76017513345754
Road Trip,Todd Phillips,6.5,6.626542059367372
Annabelle,John R. Leonetti,5.4,6.701261627675853
Chisum,Andrew V. McLaglen,6.8,6.768437393414728
Witness,Peter Weir,7.4,6.660668785277496
My Best Friend's Girl,Howard Deutch,5.8,6.721378434528137
The Falcon and the Snowman,John Schlesinger,6.8,6.700902398982063
The Wild Geese,Andrew V. McLaglen,6.8,6.768437393414728
Bratz,Sean McNamara,3.1,6.640911207119003
Rush Hour,Brett Ratner,7.0,6.7569420752134235
The Lego Movie 2: The Second Part,Mike Mitchell,6.5,6.6750379330291265
Death at a Funeral,Frank Oz,7.3,6.733592210117023
Street Kings,David Ayer,6.8,6.747242900481072
Crimes of the Future,David Cronenberg,5.8,6.746524443093491
Picnic,Joshua Logan,7.0,6.694795511187619
Red Riding Hood,Catherine Hardwicke,5.4,6.753349788275515
Last Christmas,Paul Feig,6.5,6.666775673071939
MASH,Robert Altman,7.4,6.650610381851354
The Ladykillers,Ethan Coen,6.2,6.735388353585977
Scandal,Michael Caton-Jones,6.4,6.679348677354616
Bombshell,Jay Roach,6.8,6.712756945877158
Dodgeball: A True Underdog Story,Rawson Marshall Thurber,6.7,6.656717269645797
The Center of the World,Wayne Wang,5.8,6.621872086348092
Fiddler on the Roof,Norman Jewison,8.0,6.668931045234683
Lolita,Adrian Lyne,6.8,6.774544281209171
Anger Management,Peter Segal,6.2,6.661028013971286
The Outfit,John Flynn,7.0,6.706650058082714
Soul Man,Steve Miner,5.3,6.63480431932456
Ms .45,Abel Ferrara,6.8,6.775981195984334
Fanny och Alexander,Ingmar Bergman,8.1,6.720300748446764
The Foreigner,Martin Campbell,7.0,6.6829409642925235
Rocky V,John G. Avildsen,5.4,6.705572372001343
Disturbia,D.J. Caruso,6.8,6.749398272643817
Silverado,Lawrence Kasdan,7.2,6.688688623393176
The Madness of King George,Nicholas Hytner,7.2,6.67180487478501
Barton Fink,Joel Coen,7.6,6.70916465893925
Wild Wild West,Barry Sonnenfeld,4.9,6.763408191701657
The Change-Up,David Dobkin,6.3,6.7461652143997
My Beautiful Laundrette,Stephen Frears,6.8,6.636241234099723
Outland,Peter Hyams,6.6,6.661746471358867
We're the Millers,Rawson Marshall Thurber,7.0,6.656717269645797
The Evil Dead,Sam Raimi,7.4,6.642707350587957
Robin Hood: Men in Tights,Mel Brooks,6.7,6.680785592129779
Mother of the Bride,Mark Waters,4.9,6.6836594216801055
The Way We Were,Sydney Pollack,7.0,6.632648947161815
Man of the Year,Barry Levinson,6.2,6.763767420395448
Daddy's Home 2,Sean Anders,6.0,6.641270435812793
State of Play,Kevin Macdonald,7.1,6.6915624529435025
Battle: Los Angeles,Jonathan Liebesman,5.7,6.696591654656573
Supernova,Walter Hill,4.8,6.622231315041883
Waking Ned,Kirk Jones,7.3,6.69048476686213
Ball of Fire,Howard Hawks,7.7,6.721019205834346
Tom and Huck,Peter Hewitt,5.5,6.662105700052659
Mission: Impossible - Rogue Nation,Christopher McQuarrie,7.4,6.752272102194143
Little Shop of Horrors,Frank Oz,7.1,6.733592210117023
Se7en,David Fincher,8.6,6.74580598570591
Pacific Heights,John Schlesinger,6.4,6.700902398982063
The Power of the Dog,Jane Campion,6.8,6.714912318039903
12 Monkeys,Terry Gilliam,8.0,6.629775117611489
Always,Steven Spielberg,6.4,6.633367404549396
The Godfather,Francis Ford Coppola,9.2,6.734669896198395
A Streetcar Named Desire,Elia Kazan,7.9,6.736106810973558
The Unbearable Lightness of Being,Philip Kaufman,7.3,6.659591099196123
The Host,Andrew Niccol,5.8,6.7687966221085185
Super 8,J.J. Abrams,7.0,6.718863833671601
The Untouchables,Brian De Palma,7.8,6.756582846519633
Cosmopolis,David Cronenberg,5.1,6.746524443093491
Eye for an Eye,John Schlesinger,6.2,6.700902398982063
Dark City,Alex Proyas,7.6,6.771670451658845
Hairspray,John Waters,7.0,6.6994654842068995
The Hunger Games,Gary Ross,7.2,6.731077609260487
Sayonara,Joshua Logan,7.0,6.694795511187619
Jane Got a Gun,Gavin O'Connor,5.9,6.730359151872906
Cabin Fever,Eli Roth,5.6,6.7364660396673495
The Big Heat,Fritz Lang,7.9,6.73215529534186
The Client,Joel Schumacher,6.7,6.70880543024546
Interstellar,Christopher Nolan,8.7,6.751912873500352
Starman,John Carpenter,7.0,6.707368515470296
Free State of Jones,Gary Ross,6.9,6.731077609260487
The Fast and the Furious: Tokyo Drift,Justin Lin,6.0,6.693717825106247
Okja,Bong Joon Ho,7.3,6.758019761294795
Boyz n the Hood,John Singleton,7.8,6.700543170288271
The Driver,Walter Hill,7.1,6.622231315041883
Jagten,Thomas Vinterberg,8.3,6.629415888917698
Mystic Pizza,Donald Petrie,6.3,6.738262183136303
The Three Musketeers,Richard Lester,7.1,6.6538434400954705
The Wedding Planner,Adam Shankman,5.3,6.775262738596753
The Iron Giant,Brad Bird,8.1,6.757301303907214
Wait Until Dark,Terence Young,7.7,6.63049357499907
Little Buddha,Bernardo Bertolucci,6.1,6.761612048232704
Little Italy,Donald Petrie,5.7,6.738262183136303
Double Jeopardy,Bruce Beresford,6.5,6.75514593174447
Enter the Void,Gaspar Noé,7.2,6.730718380566697
The Big Sky,Howard Hawks,6.9,6.721019205834346
A Hidden Life,Terrence Malick,7.4,6.6301343463052795
Running Scared,Peter Hyams,6.5,6.661746471358867
The Return of the Pink Panther,Blake Edwards,7.0,6.75981590476375
Training Day,Antoine Fuqua,7.7,6.765922792558193
Eaten Alive,Tobe Hooper,5.5,6.627260516754953
Fail Safe,Sidney Lumet,8.0,6.63947429234384
The Rain People,Francis Ford Coppola,6.8,6.734669896198395
Sabrina,Sydney Pollack,6.3,6.632648947161815
Cloud Atlas,Tom Tykwer,7.4,6.6254643732859995
Beetlejuice,Tim Burton,7.5,6.628697431530116
Rabid,David Cronenberg,6.3,6.746524443093491
Beauty and the Beast,Bill Condon,7.1,6.7608935908451215
Sucker Punch,Zack Snyder,6.1,6.617202113328812
Bullitt,Peter Yates,7.4,6.660309556583704
Steve Jobs,Danny Boyle,7.2,6.7490390439500265
To Live and Die in L.A.,William Friedkin,7.3,6.619716714185347
Ghost Town,David Koepp,6.7,6.744728299624537
Red Sonja,Richard Fleischer,5.1,6.654202668789262
Baby Geniuses,Bob Clark,2.6,6.759097447376168
Maid in Manhattan,Wayne Wang,5.4,6.621872086348092
Scream VI,Matt Bettinelli-Olpin,6.5,6.682222506904942
The Omen,Richard Donner,7.5,6.6545618974830525
Insidious: Chapter 2,James Wan,6.5,6.715630775427484
